Nom,NumeroEtablissement,Adresse,agence
Entreprise101,101,Adresse-101
Entreprise102,102,Adresse-102
Entreprise103,103,Adresse-103
Entreprise104,104,Adresse-104
Entreprise105,105,Adresse-105
Entreprise106,106,Adresse-106
Entreprise107,107,Adresse-107
Entreprise108,108,Adresse-108
Entreprise109,109,Adresse-109
Entreprise110,110,Adresse-110
Entreprise111,111,Adresse-111
Entreprise112,112,Adresse-112
Entreprise113,113,Adresse-113
Entreprise114,114,Adresse-114
Entreprise115,115,Adresse-115
Entreprise116,116,Adresse-116
Entreprise117,117,Adresse-117
Entreprise118,118,Adresse-118
Entreprise119,119,Adresse-119
Entreprise120,120,Adresse-120
Entreprise121,121,Adresse-121
Entreprise122,122,Adresse-122
Entreprise123,123,Adresse-123
Entreprise124,124,Adresse-124
Entreprise125,125,Adresse-125
Entreprise126,126,Adresse-126
Entreprise127,127,Adresse-127
Entreprise128,128,Adresse-128
Entreprise129,129,Adresse-129
Entreprise130,130,Adresse-130
Entreprise131,131,Adresse-131
Entreprise132,132,Adresse-132
Entreprise133,133,Adresse-133
Entreprise134,134,Adresse-134
Entreprise135,135,Adresse-135
Entreprise136,136,Adresse-136
Entreprise137,137,Adresse-137
Entreprise138,138,Adresse-138
Entreprise139,139,Adresse-139
Entreprise140,140,Adresse-140
Entreprise141,141,Adresse-141
Entreprise142,142,Adresse-142
Entreprise143,143,Adresse-143
Entreprise144,144,Adresse-144
Entreprise145,145,Adresse-145
Entreprise146,146,Adresse-146
Entreprise147,147,Adresse-147
Entreprise148,148,Adresse-148
Entreprise149,149,Adresse-149
Entreprise150,150,Adresse-150
